{
  "Sum": {
    "compiletime": {
      "Canonicalizer": 5.6000000768108293e-05,
      "HloLegalizeToStablehloPass": 0.00019099999917671084,
      "MLIRInstructionHistogram": 1.5999999959603883e-05,
      "PruneFunctions": 0.0,
      "RemoveOptimizationBarriers": 1.1000000085914508e-05,
      "StableHLOCanonicalizeConv": 0.0,
      "StableHLOCanonicalizeForTensorizer": 4.999999873689376e-06,
      "StableHLOHoistCompute": 0.0,
      "StableHLOMemcastMotion": 0.0,
      "StableHLOPenguinizeFunctions": 1.4000000192027073e-05,
      "StableHLOScatterMotion": 0.0,
      "StableHLOTensorizerLegalizationPass": 6.000000212225132e-06,
      "VerifySupportedOps": 3.999999989900971e-06,
      "algsimp": 1.5999999959603883e-05,
      "batchnorm_expander": 9.999999974752427e-07,
      "boundary-marker-removal": 0.0,
      "call-inliner": 9.999999974752427e-07,
      "canonicalize-boundary-marker": 9.999999974752427e-07,
      "collective-stream-id-checker": 0.0,
      "comparison-expander": 0.0,
      "computation-deduplicator": 9.999999974752427e-07,
      "config-lowering": 1.2999999853491317e-05,
      "constant_folding": 7.300000288523734e-05,
      "cse": 9.999999974752427e-07,
      "dce": 0.0,
      "dynamic-slice-transpose": 9.999999974752427e-07,
      "eliminate-redundant-compare": 9.999999974752427e-07,
      "emit-offloaded-dropout": 1.9999999494757503e-05,
      "flatten-call-graph": 7.000000096013537e-06,
      "fuse-send-recv": 1.9999999949504854e-06,
      "hilo-conditional-to-select": 1.9999999949504854e-06,
      "hilo::ConvertCustomCallToAllReducePass": 0.0,
      "hilo::FusionToComposite": 0.0,
      "hilo::NeuronInstCombine": 4.999999873689376e-06,
      "hilo::StableHLOLegalizeAlias": 0.0,
      "hilo::StableHLONeuronOpFusion": 3.999999989900971e-06,
      "hilo::StableHLOReplaceTokenTypeWithU8Pass": 0.0,
      "hilo::StableHLOScheduleFusion": 0.0,
      "hilo::StableHLOSixtyFourHack": 9.999999974752427e-07,
      "hilo::StableHLOVerifyAliasing": 0.0,
      "hlo-kernel-info": 5.500000042957254e-05,
      "hlo-mac-count": 3.7999998312443495e-05,
      "inline-weights": 1.700000029813964e-05,
      "instruction-histogram": 1.2999999853491317e-05,
      "io-con-pipe-begin": 9.999999974752427e-07,
      "io-con-pipe-end": 0.0,
      "io-layout-normalization": 1.9999999949504854e-06,
      "legalize-ccops-for-tensorizer": 9.999999974752427e-07,
      "legalize-compare": 0.0,
      "lower-argminmax-custom-call": 0.0,
      "map-inline": 9.999999974752427e-07,
      "metadata-naming": 0.0,
      "mlir::detail::OpToOpPassAdaptor": 9.999999974752427e-07,
      "mlir::hlo::StableHLOToPyPenguin": 0.00010199999815085903,
      "mlir::stablehlo::LowerComplexExtraPass": 6.000000212225132e-06,
      "mlir::stablehlo::LowerComplexPass": 1.8000000636675395e-05,
      "neuron-hlo-inst-comb": 9.999999974752427e-07,
      "neuron-hlo-verifier": 9.699999645818025e-05,
      "operand_upcaster": 1.9999999494757503e-05,
      "post-par-pipe-begin": 0.0,
      "post-par-pipe-end": 0.0,
      "post-partition-simplification": 0.00013499999477062374,
      "pre-hlo-begin": 0.0,
      "pre-hlo-end": 0.0,
      "replace-minimum-constant": 0.0,
      "reshape-mover": 3.999999989900971e-06,
      "simplify-concat": 4.999999873689376e-06,
      "simplify-while-loops": 3.999999989900971e-06,
      "transform-variadic-reduce": 4.999999873689376e-06,
      "tuple-simplifier": 9.999999974752427e-07,
      "unpack-nested-aws-ntwsr": 0.0,
      "unroll-while-loop": 0.0
    },
    "hilo": {
      "HloMacCount": 21495808,
      "KernelCount": 0,
      "KernelMacCount": 0,
      "KernelTypes": 0,
      "Traffic": 704512
    }
  },
  "all": {
    "compiletime": {
      "Canonicalizer": 5.6000000768108293e-05,
      "HloLegalizeToStablehloPass": 0.00019099999917671084,
      "MLIRInstructionHistogram": 1.5999999959603883e-05,
      "PruneFunctions": 0.0,
      "RemoveOptimizationBarriers": 1.1000000085914508e-05,
      "StableHLOCanonicalizeConv": 0.0,
      "StableHLOCanonicalizeForTensorizer": 4.999999873689376e-06,
      "StableHLOHoistCompute": 0.0,
      "StableHLOMemcastMotion": 0.0,
      "StableHLOPenguinizeFunctions": 1.4000000192027073e-05,
      "StableHLOScatterMotion": 0.0,
      "StableHLOTensorizerLegalizationPass": 6.000000212225132e-06,
      "VerifySupportedOps": 3.999999989900971e-06,
      "algsimp": 1.5999999959603883e-05,
      "batchnorm_expander": 9.999999974752427e-07,
      "boundary-marker-removal": 0.0,
      "call-inliner": 9.999999974752427e-07,
      "canonicalize-boundary-marker": 9.999999974752427e-07,
      "collective-stream-id-checker": 0.0,
      "comparison-expander": 0.0,
      "computation-deduplicator": 9.999999974752427e-07,
      "config-lowering": 1.2999999853491317e-05,
      "constant_folding": 7.300000288523734e-05,
      "cse": 9.999999974752427e-07,
      "dce": 0.0,
      "dynamic-slice-transpose": 9.999999974752427e-07,
      "eliminate-redundant-compare": 9.999999974752427e-07,
      "emit-offloaded-dropout": 1.9999999494757503e-05,
      "flatten-call-graph": 7.000000096013537e-06,
      "fuse-send-recv": 1.9999999949504854e-06,
      "hilo-conditional-to-select": 1.9999999949504854e-06,
      "hilo::ConvertCustomCallToAllReducePass": 0.0,
      "hilo::FusionToComposite": 0.0,
      "hilo::NeuronInstCombine": 4.999999873689376e-06,
      "hilo::StableHLOLegalizeAlias": 0.0,
      "hilo::StableHLONeuronOpFusion": 3.999999989900971e-06,
      "hilo::StableHLOReplaceTokenTypeWithU8Pass": 0.0,
      "hilo::StableHLOScheduleFusion": 0.0,
      "hilo::StableHLOSixtyFourHack": 9.999999974752427e-07,
      "hilo::StableHLOVerifyAliasing": 0.0,
      "hlo-kernel-info": 5.500000042957254e-05,
      "hlo-mac-count": 3.7999998312443495e-05,
      "inline-weights": 1.700000029813964e-05,
      "instruction-histogram": 1.2999999853491317e-05,
      "io-con-pipe-begin": 9.999999974752427e-07,
      "io-con-pipe-end": 0.0,
      "io-layout-normalization": 1.9999999949504854e-06,
      "legalize-ccops-for-tensorizer": 9.999999974752427e-07,
      "legalize-compare": 0.0,
      "lower-argminmax-custom-call": 0.0,
      "map-inline": 9.999999974752427e-07,
      "metadata-naming": 0.0,
      "mlir::detail::OpToOpPassAdaptor": 9.999999974752427e-07,
      "mlir::hlo::StableHLOToPyPenguin": 0.00010199999815085903,
      "mlir::stablehlo::LowerComplexExtraPass": 6.000000212225132e-06,
      "mlir::stablehlo::LowerComplexPass": 1.8000000636675395e-05,
      "neuron-hlo-inst-comb": 9.999999974752427e-07,
      "neuron-hlo-verifier": 9.699999645818025e-05,
      "operand_upcaster": 1.9999999494757503e-05,
      "post-par-pipe-begin": 0.0,
      "post-par-pipe-end": 0.0,
      "post-partition-simplification": 0.00013499999477062374,
      "pre-hlo-begin": 0.0,
      "pre-hlo-end": 0.0,
      "replace-minimum-constant": 0.0,
      "reshape-mover": 3.999999989900971e-06,
      "simplify-concat": 4.999999873689376e-06,
      "simplify-while-loops": 3.999999989900971e-06,
      "transform-variadic-reduce": 4.999999873689376e-06,
      "tuple-simplifier": 9.999999974752427e-07,
      "unpack-nested-aws-ntwsr": 0.0,
      "unroll-while-loop": 0.0
    }
  },
  "sg00": {
    "hilo": {
      "ArithmeticIntensity": 61.02325439453125,
      "HloMacCount": 21495808,
      "KernelCount": 0,
      "KernelMacCount": 0,
      "KernelTypes": 0,
      "Traffic": 704512
    }
  }
}